date,composite,score_inflation,score_labor,score_growth,score_credit,score_external,score_property,score_fiscal,z_inflation,z_labor,z_growth,z_credit,z_external,z_property,z_fiscal,n_series,n_lenses,temp_count,k1_ratio,composition
2026-07-28,43.6,34.8,75.8,47.1,40.8,2.3,62.3,,-0.627,1.144,-0.115,-0.371,-3.768,0.503,,17,6,2,,18s6l-ddcb20cc
2026-07-29,40.6,34.8,75.8,47.1,40.8,2.3,62.3,20.5,-0.627,1.144,-0.115,-0.371,-3.768,0.503,-1.353,19,7,2,0.4927,23s7l-39f9c6c0
2026-08-03,42.9,48.0,75.3,46.7,39.1,2.3,62.3,20.5,-0.079,1.113,-0.134,-0.445,-3.768,0.503,-1.353,19,7,2,0.559,23s7l-39f9c6c0
2026-08-05,42.9,48.0,75.3,46.7,39.1,2.3,62.3,20.5,-0.079,1.113,-0.134,-0.445,-3.768,0.503,-1.353,19,7,2,0.559,23s7l-39f9c6c0
2026-08-10,43.1,48.0,75.3,48.7,39.1,2.3,60.4,20.5,-0.079,1.113,-0.053,-0.445,-3.768,0.422,-1.353,19,7,2,0.5522,23s7l-39f9c6c0
2026-08-15,42.7,48.0,75.3,46.8,39.2,2.3,60.4,20.5,-0.079,1.113,-0.129,-0.438,-3.768,0.422,-1.353,19,7,2,0.5394,23s7l-39f9c6c0
2026-08-31,42.9,45.4,75.3,50.5,39.2,2.3,60.4,20.5,-0.184,1.113,0.021,-0.438,-3.768,0.422,-1.353,19,7,2,0.5527,23s7l-39f9c6c0
2026-09-17,41.1,40.2,71.9,47.3,41.1,2.3,60.7,20.5,-0.397,0.939,-0.108,-0.361,-3.768,0.436,-1.353,19,7,2,0.4673,23s7l-39f9c6c0
2026-09-19,40.8,40.2,71.9,46.0,41.1,2.3,60.7,20.5,-0.397,0.939,-0.159,-0.361,-3.768,0.436,-1.353,19,7,2,0.4601,23s7l-39f9c6c0
2026-09-21,49.5,,,,49.5,,,,,,,-0.021,,,,3,1,1,,23s7l-39f9c6c0
2026-09-26,40.8,40.2,71.9,46.0,41.1,2.3,60.7,20.5,-0.397,0.939,-0.159,-0.361,-3.768,0.436,-1.353,19,7,2,0.4601,23s7l-39f9c6c0
2026-09-28,40.8,40.2,71.9,46.0,41.1,2.3,60.7,20.5,-0.397,0.939,-0.159,-0.361,-3.768,0.436,-1.353,19,7,2,0.4601,23s7l-39f9c6c0
2026-10-03,40.1,37.2,72.6,47.5,39.9,0.9,59.3,20.5,-0.524,0.972,-0.099,-0.408,-4.693,0.377,-1.353,19,7,2,0.4367,23s7l-39f9c6c0
